mortgageOffers,Home Movers Mortgage
mortgageOffers,First Time Buyers, FTB, first time buyer
mortgageOffers,Switching Mortgage Provider
mortgageOffers,Buy-to-Let Mortgages, buy to let, buy to let mortgage, buytolet
mortgageOffers,SmartMove App
mortgageOffers,Topâ€“Up Mortgage, top up mortgage, topup mortgage
mortgageOffers,Negative Equity Mover
mortgageOffers,Tracker Mortgage Redress Statement
mortgageOffers,Tracker Interest Rate Mortgage
mortgageOffers,As a thank you for taking a new mortgage...
