First time buyer and looking for mortgage, tellmeaboutmortgage
I want to know how to avail the government first time buyer support scheme, tellmeaboutmortgage
I want to know more about car finance, tellmeaboutmortgage
I want to know more about First time buyer offers, tellmeaboutmortgage
I want to know more on home insurance, tellmeaboutmortgage
I want to know the different home mortgage interest rates, tellmeaboutmortgage
Tell me about home mortgage for first time buyer, tellmeaboutmortgage
Tell me about home mortgage latest offers, tellmeaboutmortgage
Tell me about new mortgage offers, tellmeaboutmortgage
Tell me how join applications works, tellmeaboutmortgage
What do you know about Mortgage approvals, tellmeaboutmortgage
Give me list of mortgage types, tellmeaboutmortgage
What are the different mortgage types, tellmeaboutmortgage
